type	specimen	sample_name	read	filepath
Hi-C	PR00251	PR00251_CKDL230002180-1A_HMMF5DSX5_L2	R1	PR00251_CKDL230002180-1A_HMMF5DSX5_L2_1.fq.gz
Hi-C	PR00251	PR00251_CKDL230002180-1A_HMMF5DSX5_L2	R2	PR00251_CKDL230002180-1A_HMMF5DSX5_L2_2.fq.gz
Hi-C	PR00366	PR00366_CKDL230002184-1A_HMMW2DSX5_L1	R1	PR00366_CKDL230002184-1A_HMMW2DSX5_L1_1.fq.gz
Hi-C	PR00366	PR00366_CKDL230002184-1A_HMMW2DSX5_L1	R2	PR00366_CKDL230002184-1A_HMMW2DSX5_L1_2.fq.gz
Hi-C	PR00366	PR00366_CKDL230002184-1A_HT2MCDSX5_L1	R1	PR00366_CKDL230002184-1A_HT2MCDSX5_L1_1.fq.gz
Hi-C	PR00366	PR00366_CKDL230002184-1A_HT2MCDSX5_L1	R2	PR00366_CKDL230002184-1A_HT2MCDSX5_L1_2.fq.gz
Hi-C	PR00366	PR00366_CKDL230002184-1A_HW3L3DSX5_L1	R1	PR00366_CKDL230002184-1A_HW3L3DSX5_L1_1.fq.gz
Hi-C	PR00366	PR00366_CKDL230002184-1A_HW3L3DSX5_L1	R2	PR00366_CKDL230002184-1A_HW3L3DSX5_L1_2.fq.gz
Hi-C	PR00834	PR00834_CKDL230002183-1A_HMMF5DSX5_L2	R1	PR00834_CKDL230002183-1A_HMMF5DSX5_L2_1.fq.gz
Hi-C	PR00834	PR00834_CKDL230002183-1A_HMMF5DSX5_L2	R2	PR00834_CKDL230002183-1A_HMMF5DSX5_L2_2.fq.gz
Hi-C	PR01008	PR01008_CKDL230002185-1A_HMMW2DSX5_L1	R1	PR01008_CKDL230002185-1A_HMMW2DSX5_L1_1.fq.gz
Hi-C	PR01008	PR01008_CKDL230002185-1A_HMMW2DSX5_L1	R2	PR01008_CKDL230002185-1A_HMMW2DSX5_L1_2.fq.gz
Hi-C	PR01010	PR01010_CKDL230002182-1A_HMMF5DSX5_L2	R1	PR01010_CKDL230002182-1A_HMMF5DSX5_L2_1.fq.gz
Hi-C	PR01010	PR01010_CKDL230002182-1A_HMMF5DSX5_L2	R2	PR01010_CKDL230002182-1A_HMMF5DSX5_L2_2.fq.gz
Hi-C	PR01227	PR01227_CKDL230002181-1A_HMMF5DSX5_L2	R1	PR01227_CKDL230002181-1A_HMMF5DSX5_L2_1.fq.gz
Hi-C	PR01227	PR01227_CKDL230002181-1A_HMMF5DSX5_L2	R2	PR01227_CKDL230002181-1A_HMMF5DSX5_L2_2.fq.gz
Hi-C	AG05253_1	KTXJ_OmniC_NA_NA_CTGATCGT_Pan_paniscus_AG05253_1-Pan_paniscus_AG05253_1_I1352_L2	R1	KTXJ_OmniC_NA_NA_CTGATCGT_Pan_paniscus_AG05253_1-Pan_paniscus_AG05253_1_I1352_L2_R1.fastq.gz
Hi-C	AG18352_2	KTXK_OmniC_NA_NA_ACTCTCGA_Pan_troglodytes_AG18352_2-Pan_troglodytes_AG18352_2_I1352_L2	R2	KTXK_OmniC_NA_NA_ACTCTCGA_Pan_troglodytes_AG18352_2-Pan_troglodytes_AG18352_2_I1352_L2_R2.fastq.gz
Hi-C	AG18357_3	KTXL_OmniC_NA_NA_TGAGCTAG_Pan_troglodytes_AG18357_3-Pan_troglodytes_AG18357_3_I1352_L2	R1	KTXL_OmniC_NA_NA_TGAGCTAG_Pan_troglodytes_AG18357_3-Pan_troglodytes_AG18357_3_I1352_L2_R1.fastq.gz
Hi-C	AG18357_3	KTXL_OmniC_NA_NA_TGAGCTAG_Pan_troglodytes_AG18357_3-Pan_troglodytes_AG18357_3_I1352_L2	R2	KTXL_OmniC_NA_NA_TGAGCTAG_Pan_troglodytes_AG18357_3-Pan_troglodytes_AG18357_3_I1352_L2_R2.fastq.gz
Hi-C	AG18358_4	KTXM_OmniC_NA_NA_GAGACGAT_Pan_troglodytes_AG18358_4-Pan_troglodytes_AG18358_4_I1352_L2	R1	KTXM_OmniC_NA_NA_GAGACGAT_Pan_troglodytes_AG18358_4-Pan_troglodytes_AG18358_4_I1352_L2_R1.fastq.gz
Hi-C	AG18358_4	KTXM_OmniC_NA_NA_GAGACGAT_Pan_troglodytes_AG18358_4-Pan_troglodytes_AG18358_4_I1352_L2	R2	KTXM_OmniC_NA_NA_GAGACGAT_Pan_troglodytes_AG18358_4-Pan_troglodytes_AG18358_4_I1352_L2_R2.fastq.gz
Hi-C	AG18354_5	KTXN_OmniC_NA_NA_CTTGTCGA_Pan_troglodytes_AG18354_5-Pan_troglodytes_AG18354_5_I1352_L2	R1	KTXN_OmniC_NA_NA_CTTGTCGA_Pan_troglodytes_AG18354_5-Pan_troglodytes_AG18354_5_I1352_L2_R1.fastq.gz
Hi-C	AG18354_5	KTXN_OmniC_NA_NA_CTTGTCGA_Pan_troglodytes_AG18354_5-Pan_troglodytes_AG18354_5_I1352_L2	R2	KTXN_OmniC_NA_NA_CTTGTCGA_Pan_troglodytes_AG18354_5-Pan_troglodytes_AG18354_5_I1352_L2_R2.fastq.gz
Hi-C	AG18356_6	KWQK_OmniC_NA_NA_CTTGTCGA_Pan_troglodytes_AG18356_6_I1370_L2	R1	KWQK_OmniC_NA_NA_CTTGTCGA_Pan_troglodytes_AG18356_6_I1370_L2_R1.fastq.gz
Hi-C	AG18356_6	KWQK_OmniC_NA_NA_CTTGTCGA_Pan_troglodytes_AG18356_6_I1370_L2	R2	KWQK_OmniC_NA_NA_CTTGTCGA_Pan_troglodytes_AG18356_6_I1370_L2_R2.fastq.gz
Hi-C	AG18359_7	KTXP_OmniC_NA_NA_TTCCAAGG_Pan_troglodytes_AG18359_7-Pan_troglodytes_AG18359_7_I1352_L3	R1	KTXP_OmniC_NA_NA_TTCCAAGG_Pan_troglodytes_AG18359_7-Pan_troglodytes_AG18359_7_I1352_L3_R1.fastq.gz
Hi-C	AG18359_7	KTXP_OmniC_NA_NA_TTCCAAGG_Pan_troglodytes_AG18359_7-Pan_troglodytes_AG18359_7_I1352_L3	R2	KTXP_OmniC_NA_NA_TTCCAAGG_Pan_troglodytes_AG18359_7-Pan_troglodytes_AG18359_7_I1352_L3_R2.fastq.gz
Hi-C	AG18355_8	KTXQ_OmniC_NA_NA_CGCATGAT_Pan_troglodytes_AG18355_8-Pan_troglodytes_AG18355_8_I1352_L3	R1	KTXQ_OmniC_NA_NA_CGCATGAT_Pan_troglodytes_AG18355_8-Pan_troglodytes_AG18355_8_I1352_L3_R1.fastq.gz
Hi-C	AG18355_8	KTXQ_OmniC_NA_NA_CGCATGAT_Pan_troglodytes_AG18355_8-Pan_troglodytes_AG18355_8_I1352_L3	R2	KTXQ_OmniC_NA_NA_CGCATGAT_Pan_troglodytes_AG18355_8-Pan_troglodytes_AG18355_8_I1352_L3_R2.fastq.gz
Hi-C	AG18353_9	KTXR_OmniC_NA_NA_ACGGAACA_Pan_troglodytes_AG18353_9-Pan_troglodytes_AG18353_9_I1352_L3	R1	KTXR_OmniC_NA_NA_ACGGAACA_Pan_troglodytes_AG18353_9-Pan_troglodytes_AG18353_9_I1352_L3_R1.fastq.gz
Hi-C	AG18353_9	KTXR_OmniC_NA_NA_ACGGAACA_Pan_troglodytes_AG18353_9-Pan_troglodytes_AG18353_9_I1352_L3	R2	KTXR_OmniC_NA_NA_ACGGAACA_Pan_troglodytes_AG18353_9-Pan_troglodytes_AG18353_9_I1352_L3_R2.fastq.gz
Hi-C	AG18361_10	KTXS_OmniC_NA_NA_CTGATCGT_Pan_troglodytes_AG18361_10-Pan_troglodytes_AG18361_10_I1352_L3	R1	KTXS_OmniC_NA_NA_CTGATCGT_Pan_troglodytes_AG18361_10-Pan_troglodytes_AG18361_10_I1352_L3_R1.fastq.gz
Hi-C	AG18361_10	KTXS_OmniC_NA_NA_CTGATCGT_Pan_troglodytes_AG18361_10-Pan_troglodytes_AG18361_10_I1352_L3	R2	KTXS_OmniC_NA_NA_CTGATCGT_Pan_troglodytes_AG18361_10-Pan_troglodytes_AG18361_10_I1352_L3_R2.fastq.gz
Hi-C	AG18360_11	KTXT_OmniC_NA_NA_ACTCTCGA_Pan_troglodytes_AG18360_11-Pan_troglodytes_AG18360_11_I1352_L3	R1	KTXT_OmniC_NA_NA_ACTCTCGA_Pan_troglodytes_AG18360_11-Pan_troglodytes_AG18360_11_I1352_L3_R1.fastq.gz
Hi-C	AG18360_11	KTXT_OmniC_NA_NA_ACTCTCGA_Pan_troglodytes_AG18360_11-Pan_troglodytes_AG18360_11_I1352_L3	R2	KTXT_OmniC_NA_NA_ACTCTCGA_Pan_troglodytes_AG18360_11-Pan_troglodytes_AG18360_11_I1352_L3_R2.fastq.gz
Hi-C	AG16618_12	KTXU_OmniC_NA_NA_TGAGCTAG_Pan_troglodytes_AG16618_12-Pan_troglodytes_AG16618_12_I1353_L3	R1	KTXU_OmniC_NA_NA_TGAGCTAG_Pan_troglodytes_AG16618_12-Pan_troglodytes_AG16618_12_I1353_L3_R1.fastq.gz
Hi-C	AG16618_12	KTXU_OmniC_NA_NA_TGAGCTAG_Pan_troglodytes_AG16618_12-Pan_troglodytes_AG16618_12_I1353_L3	R2	KTXU_OmniC_NA_NA_TGAGCTAG_Pan_troglodytes_AG16618_12-Pan_troglodytes_AG16618_12_I1353_L3_R2.fastq.gz
Hi-C	AG06939_13	KTXW_OmniC_NA_NA_GAGACGAT_Pan_troglodytes_AG06939_13-Pan_troglodytes_AG06939_13_I1367_L2	R1	KTXW_OmniC_NA_NA_GAGACGAT_Pan_troglodytes_AG06939_13-Pan_troglodytes_AG06939_13_I1367_L2_R1.fastq.gz
Hi-C	AG06939_13	KTXW_OmniC_NA_NA_GAGACGAT_Pan_troglodytes_AG06939_13-Pan_troglodytes_AG06939_13_I1367_L2	R2	KTXW_OmniC_NA_NA_GAGACGAT_Pan_troglodytes_AG06939_13-Pan_troglodytes_AG06939_13_I1367_L2_R2.fastq.gz
