chromosome,start,end,population,avg_pairwise_myr,genes,genes_renamed,gene_biotypes,descriptions
chr8_mat_hsa10,13939000,13940000,Bonobo,19.32,ADARB2,ADARB2,protein_coding,adenosine deaminase RNA specific B2 (inactive)
chr18_pat_hsa16,99475000,99476000,Bonobo,17.67,SPATA33,SPATA33,protein_coding,spermatogenesis associated 33
chr19_pat_hsa17,9457000,9458000,Bonobo,15.34,RPA1,RPA1,protein_coding,replication protein A1
chr17_mat_hsa18,96889000,96890000,Bonobo,14.27,ATP9B,ATP9B,protein_coding,ATPase phospholipid transporting 9B (putative)
chr5_pat_hsa6,177162000,177163000,Bonobo,13.81,ARID1B,ARID1B,protein_coding,AT-rich interaction domain 1B
chr20_pat_hsa19,4742000,4743000,Bonobo,13.05,SHC2,SHC2,protein_coding,SHC adaptor protein 2
chr8_mat_hsa10,139269000,139270000,Bonobo,12.76,DOCK1,DOCK1,protein_coding,dedicator of cytokinesis 1
chr9_pat_hsa11,6582000,6583000,Bonobo,11.70,LOC129393326,SSU72L2,protein_coding,RNA polymerase II subunit A C-terminal domain phosphatase SSU72 like protein 2
chr7_pat_hsa8,18535000,18536000,Bonobo,11.59,CSMD1,CSMD1,protein_coding,CUB and Sushi multiple domains 1
chr17_mat_hsa18,97986000,97987000,Bonobo,11.57,LOC129394588,TUBB8B,protein_coding,tubulin beta 8B-like
chr9_pat_hsa11,6766000,6767000,Bonobo,11.42,LOC129393325,SSU72L2,protein_coding,RNA polymerase II subunit A C-terminal domain phosphatase SSU72 like protein 2-like
chr11_mat_hsa9,1811000,1812000,Bonobo,11.32,DPH7,DPH7,protein_coding,diphthamide biosynthesis 7
chr18_pat_hsa16,97907000,97908000,Bonobo,11.15,ZNF469,ZNF469,protein_coding,zinc finger protein 469
chr21_mat_hsa20,865000,866000,Bonobo,11.14,LOC129394899,PGM5,protein_coding,phosphoglucomutase-like protein 5
chr9_pat_hsa11,6608000,6609000,Bonobo,11.03,LOC117978393,SSU72L2,protein_coding,RNA polymerase II subunit A C-terminal domain phosphatase SSU72 like protein 2-like
chr10_mat_hsa12,5908000,5909000,Bonobo,10.97,CCDC77,CCDC77,protein_coding,coiled-coil domain containing 77
chr9_pat_hsa11,6792000,6793000,Bonobo,10.94,LOC129393404,SSU72L2,protein_coding,RNA polymerase II subunit A C-terminal domain phosphatase SSU72 like protein 2-like
chr2_mat_hsa3,195856000,195857000,Bonobo,10.74,IQCG,IQCG,protein_coding,IQ motif containing G
chr17_mat_hsa18,97365000,97366000,Bonobo,10.70,CTDP1,CTDP1,protein_coding,CTD phosphatase subunit 1
chr1_pat_hsa1,214834000,214835000,Bonobo,10.66,LOC129393906,PRAMEF1,protein_coding,PRAME family member 1-like
chr7_pat_hsa8,15880000,15881000,Bonobo,10.65,DLGAP2,DLGAP2,protein_coding,DLG associated protein 2
chr11_mat_hsa9,1565000,1566000,Bonobo,10.60,EHMT1,EHMT1,protein_coding,euchromatic histone lysine methyltransferase 1
chr9_pat_hsa11,6829000,6830000,Bonobo,10.59,LOC129393322,SSU72L2,protein_coding,RNA polymerase II subunit A C-terminal domain phosphatase SSU72 like protein 2-like
chr14_pat_hsa13,115191000,115192000,Bonobo,10.50,GRK1,GRK1,protein_coding,G protein-coupled receptor kinase 1
chr20_pat_hsa19,62037000,62038000,Bonobo,10.48,LOC129394818,RFPL4A,protein_coding,ret finger protein-like 4A
chr2_mat_hsa3,195525000,195526000,Bonobo,10.25,LOC100975254,SDHA,protein_coding,succinate dehydrogenase [ubiquinone] flavoprotein subunit%2C mitochondrial-like
chr9_pat_hsa11,9243000,9244000,Bonobo,10.10,LOC100974335,OR6A2,protein_coding,olfactory receptor 6A2
chr1_pat_hsa1,2801000,2802000,Bonobo,10.08,SMYD3,SMYD3,protein_coding,SET and MYND domain containing 3
chr8_mat_hsa10,67383000,67384000,Bonobo,10.03,PCDH15,PCDH15,protein_coding,protocadherin related 15
chr23_pat_hsa22,56703000,56704000,Bonobo,9.79,TBC1D22A,TBC1D22A,protein_coding,TBC1 domain family member 22A
chr1_pat_hsa1,214780000,214781000,Bonobo,9.67,LOC129393928,PRAMEF11,protein_coding,PRAME family member 11-like
chr14_pat_hsa13,111880000,111881000,Bonobo,9.56,COL4A2,COL4A2,protein_coding,collagen type IV alpha 2 chain
chr14_pat_hsa13,113207000,113208000,Bonobo,9.50,SOX1,SOX1,protein_coding,SRY-box transcription factor 1
chr11_mat_hsa9,2280000,2281000,Bonobo,9.48,DPP7,DPP7,protein_coding,dipeptidyl peptidase 7
chr17_mat_hsa18,92458000,92459000,Bonobo,9.33,ZNF407,ZNF407,protein_coding,zinc finger protein 407
chr15_mat_hsa14,106401000,106402000,Bonobo,9.32,BRF1,BRF1,protein_coding,BRF1 RNA polymerase III transcription initiation factor subunit
chr5_pat_hsa6,45838000,45839000,Bonobo,9.12,LOC100982294,HLA-C,protein_coding,class I histocompatibility antigen%2C Gogo-C*0202 alpha chain
chr1_pat_hsa1,213601000,213602000,Bonobo,9.10,LOC129392992,PRAMEF11,protein_coding,PRAME family member 11-like
chr16_pat_hsa15,23758000,23759000,Bonobo,9.08,LOC117975990,GOLGA8B,protein_coding,golgin subfamily A member 8B
chr21_mat_hsa20,1159000,1160000,Bonobo,9.05,LOC117978042,WASHC2A,protein_coding,WAS protein family homolog 2
chr14_pat_hsa13,114942000,114943000,Bonobo,8.87,ADPRHL1,ADPRHL1,protein_coding,ADP-ribosylhydrolase like 1
chr19_pat_hsa17,11292000,11293000,Bonobo,8.81,P2RX5,P2RX5,protein_coding,purinergic receptor P2X 5
chr1_pat_hsa1,213958000,213959000,Bonobo,8.78,LOC134728940,PRAMEF11,protein_coding,PRAME family member 11-like
chr1_pat_hsa1,8959000,8960000,Bonobo,8.77,FMN2,FMN2,protein_coding,formin 2
chr15_mat_hsa14,104029000,104030000,Bonobo,8.68,TRAF3,TRAF3,protein_coding,TNF receptor associated factor 3
chr6_mat_hsa7,189907000,189908000,Bonobo,8.64,ACTR3B,ACTR3B,protein_coding,actin related protein 3B
chr9_pat_hsa11,3664000,3665000,Bonobo,8.63,MUC5B,MUC5B,protein_coding,mucin 5B%2C oligomeric mucus/gel-forming
chr18_pat_hsa16,2168000,2169000,Bonobo,8.60,LOC117976337,LOC117976337,protein_coding,phospholipase A2-like
chr12_mat_hsa2a,49391000,49392000,Bonobo,8.56,LRRTM4,LRRTM4,protein_coding,leucine rich repeat transmembrane neuronal 4
chr20_pat_hsa19,59834000,59835000,Bonobo,8.52,NLRP12,NLRP12,protein_coding,NLR family pyrin domain containing 12
chr9_pat_hsa11,6802000,6803000,Bonobo,8.51,LOC129393320,SSU72L2,protein_coding,RNA polymerase II subunit A C-terminal domain phosphatase SSU72 like protein 2-like
chr10_mat_hsa12,6000000,6001000,Bonobo,8.48,B4GALNT3,B4GALNT3,protein_coding,beta-1%2C4-N-acetyl-galactosaminyltransferase 3
chr5_pat_hsa6,44534000,44535000,Bonobo,8.41,LOC103783493,SHISA5,protein_coding,protein shisa-5
chr5_pat_hsa6,44534000,44535000,Bonobo,8.41,Papa-A,HLA-A,protein_coding,patr class I histocompatibility antigen%2C A-2 alpha chain-like
chr17_mat_hsa18,86259000,86260000,Bonobo,8.39,TMX3,TMX3,protein_coding,thioredoxin related transmembrane protein 3
chr18_pat_hsa16,99603000,99604000,Bonobo,8.37,FANCA,FANCA,protein_coding,FA complementation group A
chr5_pat_hsa6,46478000,46479000,Bonobo,8.36,LOC112440090,TNXB,protein_coding,tenascin-X-like
chr1_pat_hsa1,19924000,19925000,Bonobo,8.34,RAB4A,RAB4A,protein_coding,RAB4A%2C member RAS oncogene family
chr5_pat_hsa6,185799000,185800000,Bonobo,8.29,PDE10A,PDE10A,protein_coding,phosphodiesterase 10A
chr20_pat_hsa19,61960000,61961000,Bonobo,8.25,LOC129394802,RFPL4A,protein_coding,ret finger protein-like 4A
chr21_mat_hsa20,69697000,69698000,Bonobo,8.21,TPD52L2,TPD52L2,protein_coding,TPD52 like 2
chr9_pat_hsa11,5494000,5495000,Bonobo,8.20,OSBPL5,OSBPL5,protein_coding,oxysterol binding protein like 5
chr16_pat_hsa15,74619000,74620000,Bonobo,8.16,LOC134729059,ADAMTS7,protein_coding,A disintegrin and metalloproteinase with thrombospondin motifs 7-like
chr8_mat_hsa10,143905000,143906000,Bonobo,8.15,PPP2R2D,PPP2R2D,protein_coding,protein phosphatase 2 regulatory subunit Bdelta
chr18_pat_hsa16,84107000,84108000,Bonobo,8.09,LOC134729312,SRRM1,protein_coding,serine/arginine repetitive matrix protein 1-like
chr9_pat_hsa11,5889000,5890000,Bonobo,8.05,LOC117974836,EIF5B,protein_coding,translation initiation factor IF-2
chr23_pat_hsa22,35550000,35551000,Bonobo,8.03,GRK3,GRK3,protein_coding,G protein-coupled receptor kinase 3
chr20_pat_hsa19,38719000,38720000,Bonobo,8.02,TDRD12,TDRD12,protein_coding,tudor domain containing 12
chr20_pat_hsa19,16810000,16811000,Bonobo,8.01,LOC100986646,ZNF69,protein_coding,zinc finger protein 69
chr9_pat_hsa11,134230000,134231000,Bonobo,8.01,OPCML,OPCML,protein_coding,opioid binding protein/cell adhesion molecule like
chr9_pat_hsa11,6483000,6484000,Bonobo,8.00,LOC100981745,SSU72L2,protein_coding,RNA polymerase II subunit A C-terminal domain phosphatase SSU72 like protein 2
chr20_pat_hsa19,60289000,60290000,Bonobo,8.00,LOC117977086,LILRB1,protein_coding,leukocyte immunoglobulin-like receptor subfamily B member 1
chr20_pat_hsa19,61963000,61964000,Bonobo,7.98,LOC134729581,RFPL4A,protein_coding,ret finger protein-like 4A
chr7_pat_hsa8,24691000,24692000,Bonobo,7.95,LOC100989933,EEF2KMT,protein_coding,protein-lysine N-methyltransferase EEF2KMT-like
chr3_pat_hsa4,67936000,67937000,Bonobo,7.92,ADGRL3,ADGRL3,protein_coding,adhesion G protein-coupled receptor L3
chr6_mat_hsa7,194994000,194995000,Bonobo,7.80,PTPRN2,PTPRN2,protein_coding,protein tyrosine phosphatase receptor type N2
chr8_mat_hsa10,59157000,59158000,Bonobo,7.77,LOC100969124,ANTXRL,protein_coding,anthrax toxin receptor-like
chr8_mat_hsa10,59157000,59158000,Bonobo,7.77,LOC129393065,AGAP14P,protein_coding,arf-GAP with GTPase%2C ANK repeat and PH domain-containing protein 14-like
chr1_pat_hsa1,212796000,212797000,Bonobo,7.71,KAZN,KAZN,protein_coding,kazrin%2C periplakin interacting protein
chr9_pat_hsa11,3025000,3026000,Bonobo,7.65,DEAF1,DEAF1,protein_coding,DEAF1 transcription factor
chr4_mat_hsa5,174075000,174076000,Bonobo,7.64,ADAMTS2,ADAMTS2,protein_coding,ADAM metallopeptidase with thrombospondin type 1 motif 2
chr14_pat_hsa13,113888000,113889000,Bonobo,7.64,SPACA7,SPACA7,protein_coding,sperm acrosome associated 7
chr1_pat_hsa1,214694000,214695000,Bonobo,7.62,LOC134728967,PRAMEF15,protein_coding,PRAME family member 15-like
chr5_pat_hsa6,37100000,37101000,Bonobo,7.61,HDGFL1,HDGFL1,protein_coding,HDGF like 1
chr9_pat_hsa11,4026000,4027000,Bonobo,7.59,LOC112441154,CLASRP,protein_coding,CLK4-associating serine/arginine rich protein-like
chr3_pat_hsa4,49207000,49208000,Bonobo,7.57,FGF5,FGF5,protein_coding,fibroblast growth factor 5
chr7_pat_hsa8,66090000,66091000,Bonobo,7.56,SNTG1,SNTG1,protein_coding,syntrophin gamma 1
chr7_pat_hsa8,21293000,21294000,Bonobo,7.54,MCPH1,MCPH1,protein_coding,microcephalin 1
chr2_mat_hsa3,192413000,192414000,Bonobo,7.53,ATP13A3,ATP13A3,protein_coding,ATPase 13A3
chr22_pat_hsa21,11224000,11225000,Bonobo,7.46,NRIP1,NRIP1,protein_coding,nuclear receptor interacting protein 1
chr19_pat_hsa17,8393000,8394000,Bonobo,7.45,NXN,NXN,protein_coding,nucleoredoxin
chr5_pat_hsa6,19737000,19738000,Bonobo,7.44,LYRM4,LYRM4,protein_coding,LYR motif containing 4
chr3_pat_hsa4,140517000,140518000,Bonobo,7.42,INPP4B,INPP4B,protein_coding,inositol polyphosphate-4-phosphatase type II B
chr5_pat_hsa6,45925000,45926000,Bonobo,7.42,LOC100982859,HLA-B,protein_coding,class I histocompatibility antigen%2C Gogo-B*0101 alpha chain
chr19_pat_hsa17,8091000,8092000,Bonobo,7.42,VPS53,VPS53,protein_coding,VPS53 subunit of GARP complex
chr10_mat_hsa12,139199000,139200000,Bonobo,7.40,ADGRD1,ADGRD1,protein_coding,adhesion G protein-coupled receptor D1
chr1_pat_hsa1,214827000,214828000,Bonobo,7.39,LOC117978273,PRAMEF8,protein_coding,PRAME family member 8
chr20_pat_hsa19,61914000,61915000,Bonobo,7.39,LOC129394797,RFPL4A,protein_coding,ret finger protein-like 4A
chr6_mat_hsa7,89731000,89732000,Bonobo,7.39,LOC129398257,PMS2L1,protein_coding,putative postmeiotic segregation increased 2-like protein 1
chr10_mat_hsa12,6133000,6134000,Bonobo,7.38,NINJ2,NINJ2,protein_coding,ninjurin 2
chr20_pat_hsa19,62062000,62063000,Bonobo,7.37,LOC100989536,RFPL4A,protein_coding,ret finger protein-like 4A
chr2_mat_hsa3,187831000,187832000,Bonobo,7.37,P3H2,P3H2,protein_coding,prolyl 3-hydroxylase 2
chr6_mat_hsa7,9897000,9898000,Bonobo,7.36,MMD2,MMD2,protein_coding,monocyte to macrophage differentiation associated 2
chr10_mat_hsa12,137919000,137920000,Bonobo,7.35,TMEM132D,TMEM132D,protein_coding,transmembrane protein 132D
chr14_pat_hsa13,19035000,19036000,Bonobo,7.34,LOC117975669,PARP4,protein_coding,protein mono-ADP-ribosyltransferase PARP4-like
chr9_pat_hsa11,27071000,27072000,Bonobo,7.31,LUZP2,LUZP2,protein_coding,leucine zipper protein 2
chr5_pat_hsa6,189836000,189837000,Bonobo,7.31,WDR27,WDR27,protein_coding,WD repeat domain 27
chr3_pat_hsa4,182149000,182150000,Bonobo,7.30,IRF2,IRF2,protein_coding,interferon regulatory factor 2
chr6_mat_hsa7,84109000,84110000,Bonobo,7.30,LOC129393016,LOC129393016,protein_coding,protein CASP-like
chr20_pat_hsa19,16737000,16738000,Bonobo,7.29,LOC117976962,ZNF440,protein_coding,zinc finger protein 440
chr7_pat_hsa8,16799000,16800000,Bonobo,7.27,MYOM2,MYOM2,protein_coding,myomesin 2
chr3_pat_hsa4,180531000,180532000,Bonobo,7.26,TENM3,TENM3,protein_coding,teneurin transmembrane protein 3
chr20_pat_hsa19,60306000,60307000,Bonobo,7.22,LOC117974252,LILRA2,protein_coding,leukocyte immunoglobulin-like receptor subfamily A member 2
chr16_pat_hsa15,6892000,6893000,Bonobo,7.22,LOC117976132,GOLGA8IP,protein_coding,putative golgin subfamily A member 8I
chr6_mat_hsa7,83913000,83914000,Bonobo,7.19,LOC117981014,RASA4,protein_coding,ras GTPase-activating protein 4-like
chr6_mat_hsa7,8845000,8846000,Bonobo,7.18,SDK1,SDK1,protein_coding,sidekick cell adhesion molecule 1
chr20_pat_hsa19,6339000,6340000,Bonobo,7.17,CSNK1G2,CSNK1G2,protein_coding,casein kinase 1 gamma 2
chr2_mat_hsa3,2582000,2583000,Bonobo,7.16,LOC100989577,CNTN4,protein_coding,contactin-4
chr7_pat_hsa8,22088000,22089000,Bonobo,7.14,LOC117981308,MEIG1,protein_coding,meiosis expressed gene 1 protein homolog
chr6_mat_hsa7,4821000,4822000,Bonobo,7.12,LOC117981174,SPTBN5,protein_coding,spectrin beta chain%2C non-erythrocytic 5-like
chr6_mat_hsa7,4959000,4960000,Bonobo,7.12,LOC129398391,FAM157A,protein_coding,putative protein FAM157A
chr7_pat_hsa8,27245000,27246000,Bonobo,7.11,PINX1,PINX1,protein_coding,PIN2 (TERF1) interacting telomerase inhibitor 1
chr20_pat_hsa19,60265000,60266000,Bonobo,7.09,LILRB5,LILRB5,protein_coding,leukocyte immunoglobulin like receptor B5
chr1_pat_hsa1,103836000,103837000,Bonobo,7.09,LOC117981372,NBPF15,protein_coding,neuroblastoma breakpoint family member 15-like
chr11_mat_hsa9,119952000,119953000,Bonobo,7.08,SPATA6L,SPATA6L,protein_coding,spermatogenesis associated 6 like
chr6_mat_hsa7,195921000,195922000,Bonobo,7.07,LOC129398376,ZNG1A,protein_coding,zinc-regulated GTPase metalloprotein activator 1A-like
chr9_pat_hsa11,3511000,3512000,Bonobo,7.02,MUC2,MUC2,protein_coding,mucin 2%2C oligomeric mucus/gel-forming
chr20_pat_hsa19,60221000,60222000,Bonobo,7.00,LOC100991256,LILRB3,protein_coding,leukocyte immunoglobulin-like receptor subfamily B member 3
chr18_pat_hsa16,2152000,2153000,Bonobo,6.99,LOC117976342,NPIPA7,protein_coding,nuclear pore complex-interacting protein family member A7
chr7_pat_hsa8,21301000,21302000,Bonobo,6.99,ANGPT2,ANGPT2,protein_coding,angiopoietin 2
chr18_pat_hsa16,84095000,84096000,Bonobo,6.97,NPIPB15,NPIPB15,protein_coding,nuclear pore complex interacting protein family member B15
chr4_mat_hsa5,17732000,17733000,Bonobo,6.95,LOC134730419,TAF11L2,protein_coding,TATA-box binding protein associated factor 11 like protein 2
chr6_mat_hsa7,190510000,190511000,Bonobo,6.94,DPP6,DPP6,protein_coding,dipeptidyl peptidase like 6
chr18_pat_hsa16,32884000,32885000,Bonobo,6.94,LOC129394198,NPIPB8,protein_coding,nuclear pore complex-interacting protein family member B8-like
chr1_pat_hsa1,204961000,204962000,Bonobo,6.93,LOC117979827,CELA3B,protein_coding,chymotrypsin-like elastase family member 3B
chr1_pat_hsa1,213971000,213972000,Bonobo,6.91,LOC134729805,HNRNPCL2,protein_coding,heterogeneous nuclear ribonucleoprotein C-like 2
chr6_mat_hsa7,84105000,84106000,Bonobo,6.90,LOC117981012,SPDYE7P,protein_coding,putative speedy protein E7
chr21_mat_hsa20,104000,105000,Bonobo,6.90,LOC129394896,PGM5,protein_coding,phosphoglucomutase-like protein 5
chr16_pat_hsa15,4885000,4886000,Bonobo,6.89,LOC117978353,TEKT1,protein_coding,tektin-1-like
chr4_mat_hsa5,1082000,1083000,Bonobo,6.89,LOC134730359,ZDHHC11,protein_coding,palmitoyltransferase ZDHHC11
chr20_pat_hsa19,62104000,62105000,Bonobo,6.89,NLRP11,NLRP11,protein_coding,NLR family pyrin domain containing 11
chr19_pat_hsa17,55690000,55691000,Bonobo,6.88,LOC117978079,SRP68,protein_coding,signal recognition particle subunit SRP68-like
chr4_mat_hsa5,172857000,172858000,Bonobo,6.86,LOC117980444,FAM153A,protein_coding,protein FAM153A
chr4_mat_hsa5,948000,949000,Bonobo,6.85,LOC134730354,ZDHHC11,protein_coding,palmitoyltransferase ZDHHC11-like
chr22_pat_hsa21,17908000,17909000,Bonobo,6.83,NCAM2,NCAM2,protein_coding,neural cell adhesion molecule 2
chr10_mat_hsa12,104899000,104900000,Bonobo,6.82,CFAP54,CFAP54,protein_coding,cilia and flagella associated protein 54
chr6_mat_hsa7,88980000,88981000,Bonobo,6.82,LOC129398328,RASA4,protein_coding,ras GTPase-activating protein 4-like
chr9_pat_hsa11,9899000,9900000,Bonobo,6.77,LOC103786176,PRH1,protein_coding,proline-rich protein HaeIII subfamily 1
chr9_pat_hsa11,9899000,9900000,Bonobo,6.77,OLFML1,OLFML1,protein_coding,olfactomedin like 1
chr20_pat_hsa19,62550000,62551000,Bonobo,6.77,ZSCAN5A,ZSCAN5A,protein_coding,zinc finger and SCAN domain containing 5A
chr4_mat_hsa5,165619000,165620000,Bonobo,6.76,KCNIP1,KCNIP1,protein_coding,potassium voltage-gated channel interacting protein 1
chr7_pat_hsa8,71077000,71078000,Bonobo,6.76,XKR4,XKR4,protein_coding,XK related 4
chr11_mat_hsa9,124241000,124242000,Bonobo,6.75,DOCK8,DOCK8,protein_coding,dedicator of cytokinesis 8
chr17_mat_hsa18,97812000,97813000,Bonobo,6.75,PARD6G,PARD6G,protein_coding,par-6 family cell polarity regulator gamma
chr18_pat_hsa16,90905000,90906000,Bonobo,6.73,LOC100988147,PKD1L2,protein_coding,polycystin-1-like protein 2
chr1_pat_hsa1,227554000,227555000,Bonobo,6.72,LOC117978671,TUBB8,protein_coding,tubulin beta-8 chain-like
chr20_pat_hsa19,62135000,62136000,Bonobo,6.71,NLRP4,NLRP4,protein_coding,NLR family pyrin domain containing 4
chr18_pat_hsa16,87054000,87055000,Bonobo,6.70,ADAMTS18,ADAMTS18,protein_coding,ADAM metallopeptidase with thrombospondin type 1 motif 18
chr16_pat_hsa15,76169000,76170000,Bonobo,6.70,AGBL1,AGBL1,protein_coding,AGBL carboxypeptidase 1
chr2_mat_hsa3,195531000,195532000,Bonobo,6.69,LOC117979566,BICRA,protein_coding,BRD4-interacting chromatin-remodeling complex-associated protein
chr8_mat_hsa10,19907000,19908000,Bonobo,6.69,SFMBT2,SFMBT2,protein_coding,Scm like with four mbt domains 2
chr12_mat_hsa2a,14765000,14766000,Bonobo,6.67,ZNG1B,ZNG1B,protein_coding,Zn regulated GTPase metalloprotein activator 1B
chr7_pat_hsa8,28278000,28279000,Bonobo,6.66,FDFT1,FDFT1,protein_coding,farnesyl-diphosphate farnesyltransferase 1
chr4_mat_hsa5,566000,567000,Bonobo,6.63,AHRR,AHRR,protein_coding,aryl hydrocarbon receptor repressor
chr5_pat_hsa6,46937000,46938000,Bonobo,6.60,BTNL2,BTNL2,protein_coding,butyrophilin like 2
chr19_pat_hsa17,59514000,59515000,Bonobo,6.60,LOC117976541,CDRT15,protein_coding,CMT1A duplicated region transcript 15 protein-like protein
chr8_mat_hsa10,12924000,12925000,Bonobo,6.59,DIP2C,DIP2C,protein_coding,disco interacting protein 2 homolog C
chr17_mat_hsa18,87039000,87040000,Bonobo,6.58,DOK6,DOK6,protein_coding,docking protein 6
chr21_mat_hsa20,9502000,9503000,Bonobo,6.58,PLCB1,PLCB1,protein_coding,phospholipase C beta 1
chr2_mat_hsa3,193549000,193550000,Bonobo,6.56,LOC117979851,KPRP,protein_coding,keratinocyte proline-rich protein-like
chr18_pat_hsa16,2075000,2076000,Bonobo,6.55,IGFALS,IGFALS,protein_coding,insulin like growth factor binding protein acid labile subunit
chr18_pat_hsa16,2075000,2076000,Bonobo,6.55,LOC100992459,HAGH,protein_coding,hydroxyacylglutathione hydrolase%2C mitochondrial
chr6_mat_hsa7,17373000,17374000,Bonobo,6.54,C6H7orf78,C6H7orf78,protein_coding,chromosome 6 C7orf78 homolog
chr18_pat_hsa16,99928000,99929000,Bonobo,6.53,LOC117976330,FOXD4L1,protein_coding,forkhead box protein D4-like 1
chr11_mat_hsa9,114644000,114645000,Bonobo,6.53,PTPRD,PTPRD,protein_coding,protein tyrosine phosphatase receptor type D
chr20_pat_hsa19,58552000,58553000,Bonobo,6.53,ZNF578,ZNF578,protein_coding,zinc finger protein 578
chr19_pat_hsa17,8611000,8612000,Bonobo,6.52,ABR,ABR,protein_coding,ABR activator of RhoGEF and GTPase
chr6_mat_hsa7,89808000,89809000,Bonobo,6.52,LOC117981049,SPDYE12,protein_coding,speedy protein E12
chr23_pat_hsa22,58450000,58451000,Bonobo,6.50,TAFA5,TAFA5,protein_coding,TAFA chemokine like family member 5
chr14_pat_hsa13,114492000,114493000,Bonobo,6.49,MCF2L,MCF2L,protein_coding,MCF.2 cell line derived transforming sequence like
chr6_mat_hsa7,6053000,6054000,Bonobo,6.47,C6H7orf50,C6H7orf50,protein_coding,chromosome 6 C7orf50 homolog
chr18_pat_hsa16,2913000,2914000,Bonobo,6.45,LOC100978837,ABCA17P,protein_coding,ATP-binding cassette sub-family A member 17-like
chr9_pat_hsa11,6827000,6828000,Bonobo,6.45,LOC129393358,SSU72L2,protein_coding,RNA polymerase II subunit A C-terminal domain phosphatase SSU72 like protein 2-like
chr20_pat_hsa19,62034000,62035000,Bonobo,6.45,LOC129394808,RFPL4A,protein_coding,ret finger protein-like 4A
chr20_pat_hsa19,4811000,4812000,Bonobo,6.44,CIMAP1D,CIMAP1D,protein_coding,CIMAP1 family member D
chr7_pat_hsa8,34660000,34661000,Bonobo,6.43,MSR1,MSR1,protein_coding,macrophage scavenger receptor 1
chr7_pat_hsa8,22151000,22152000,Bonobo,6.42,LOC117981307,DCLRE1C,protein_coding,protein artemis-like
chr16_pat_hsa15,25944000,25945000,Bonobo,6.40,CDIN1,CDIN1,protein_coding,CDAN1 interacting nuclease 1
chr16_pat_hsa15,23773000,23774000,Bonobo,6.40,LOC134729169,APBA2,protein_coding,amyloid-beta A4 precursor protein-binding family A member 2-like
chr5_pat_hsa6,182050000,182051000,Bonobo,6.40,PRKN,PRKN,protein_coding,parkin RBR E3 ubiquitin protein ligase
chr8_mat_hsa10,27657000,27658000,Bonobo,6.39,LOC117979556,RBMXL2,protein_coding,RNA-binding motif protein%2C X-linked-like-2
chr1_pat_hsa1,214796000,214797000,Bonobo,6.39,LOC129395003,HNRNPCL3,protein_coding,heterogeneous nuclear ribonucleoprotein C-like 3
chr19_pat_hsa17,99334000,99335000,Bonobo,6.38,TBCD,TBCD,protein_coding,tubulin folding cofactor D
chr6_mat_hsa7,6786000,6787000,Bonobo,6.37,MAD1L1,MAD1L1,protein_coding,mitotic arrest deficient 1 like 1
chr22_pat_hsa21,22337000,22338000,Bonobo,6.36,APP,APP,protein_coding,amyloid beta precursor protein
chr6_mat_hsa7,10868000,10869000,Bonobo,6.36,LOC100977127,RSPH10B,protein_coding,radial spoke head 10 homolog B
chr2_mat_hsa3,62544000,62545000,Bonobo,6.35,CADPS,CADPS,protein_coding,calcium dependent secretion activator
chr18_pat_hsa16,2093000,2094000,Bonobo,6.34,LOC100975679,FAHD1,protein_coding,acylpyruvase FAHD1%2C mitochondrial
chr1_pat_hsa1,226001000,226002000,Bonobo,6.34,SKI,SKI,protein_coding,SKI proto-oncogene
chr9_pat_hsa11,3855000,3856000,Bonobo,6.31,BRSK2,BRSK2,protein_coding,BR serine/threonine kinase 2
chr1_pat_hsa1,214897000,214898000,Bonobo,6.31,LOC129395023,HNRNPCL3,protein_coding,heterogeneous nuclear ribonucleoprotein C-like 3
chr7_pat_hsa8,38106000,38107000,Bonobo,6.29,CSGALNACT1,CSGALNACT1,protein_coding,chondroitin sulfate N-acetylgalactosaminyltransferase 1
chr1_pat_hsa1,756000,757000,Bonobo,6.29,LOC100974640,OR2T12,protein_coding,olfactory receptor 2T12
chr18_pat_hsa16,31665000,31666000,Bonobo,6.29,LOC129394197,NPIPB9,protein_coding,nuclear pore complex-interacting protein family member B9-like
chr16_pat_hsa15,89693000,89694000,Bonobo,6.27,ADAMTS17,ADAMTS17,protein_coding,ADAM metallopeptidase with thrombospondin type 1 motif 17
chr3_pat_hsa4,165919000,165920000,Bonobo,6.27,ANXA10,ANXA10,protein_coding,annexin A10
chr18_pat_hsa16,99422000,99423000,Bonobo,6.27,DPEP1,DPEP1,protein_coding,dipeptidase 1
chr5_pat_hsa6,47559000,47560000,Bonobo,6.27,LOC100995226,HLA-DPB1,protein_coding,HLA class II histocompatibility antigen%2C DP beta 1 chain
chr5_pat_hsa6,183030000,183031000,Bonobo,6.27,PACRG,PACRG,protein_coding,parkin coregulated
chr18_pat_hsa16,99909000,99910000,Bonobo,6.27,PRDM7,PRDM7,protein_coding,PR/SET domain 7
chr19_pat_hsa17,94623000,94624000,Bonobo,6.26,DNAH17,DNAH17,protein_coding,dynein axonemal heavy chain 17
chr6_mat_hsa7,89681000,89682000,Bonobo,6.25,LOC129398253,PMS2L1,protein_coding,putative postmeiotic segregation increased 2-like protein 1
chr18_pat_hsa16,79800000,79801000,Bonobo,6.23,LOC103783443,PDPR,protein_coding,pyruvate dehydrogenase phosphatase regulatory subunit%2C mitochondrial-like
chr6_mat_hsa7,94909000,94910000,Bonobo,6.22,LOC117981018,SPDYE1,protein_coding,speedy protein E1-like
chr20_pat_hsa19,11259000,11260000,Bonobo,6.21,VAV1,VAV1,protein_coding,vav guanine nucleotide exchange factor 1
chr4_mat_hsa5,1747000,1748000,Bonobo,6.19,LPCAT1,LPCAT1,protein_coding,lysophosphatidylcholine acyltransferase 1
chr20_pat_hsa19,61231000,61232000,Bonobo,6.19,PPP1R12C,PPP1R12C,protein_coding,protein phosphatase 1 regulatory subunit 12C
chr21_mat_hsa20,1766000,1767000,Bonobo,6.18,FAM110A,FAM110A,protein_coding,family with sequence similarity 110 member A
chr21_mat_hsa20,1766000,1767000,Bonobo,6.18,SCRT2,SCRT2,protein_coding,scratch family transcriptional repressor 2
chr2_mat_hsa3,4711000,4712000,Bonobo,6.18,ITPR1,ITPR1,protein_coding,inositol 1%2C4%2C5-trisphosphate receptor type 1
chr20_pat_hsa19,8718000,8719000,Bonobo,6.17,FSD1,FSD1,protein_coding,fibronectin type III and SPRY domain containing 1
chr7_pat_hsa8,33121000,33122000,Bonobo,6.17,SGCZ,SGCZ,protein_coding,sarcoglycan zeta
chr9_pat_hsa11,8116000,8117000,Bonobo,6.17,TRIM5,TRIM5,protein_coding,tripartite motif containing 5
chr5_pat_hsa6,79326000,79327000,Bonobo,6.16,LOC100974207,EYS,protein_coding,eyes shut homolog
chr13_mat_hsa2b,130705000,130706000,Bonobo,6.16,SPHKAP,SPHKAP,protein_coding,SPHK1 interactor%2C AKAP domain containing
chr6_mat_hsa7,88988000,88989000,Bonobo,6.15,LOC129392994,RASA4,protein_coding,ras GTPase-activating protein 4-like
chr8_mat_hsa10,145553000,145554000,Bonobo,6.14,SPRN,SPRN,protein_coding,shadow of prion protein
chr8_mat_hsa10,145553000,145554000,Bonobo,6.14,LOC129393260,LOC129393260,protein_coding,uncharacterized LOC129393260
chr20_pat_hsa19,64535000,64536000,Bonobo,6.14,ZNF544,ZNF544,protein_coding,zinc finger protein 544
chr12_mat_hsa2a,122905000,122906000,Bonobo,6.11,COLEC11,COLEC11,protein_coding,collectin subfamily member 11
chr16_pat_hsa15,46861000,46862000,Bonobo,6.09,MYZAP,MYZAP,protein_coding,myocardial zonula adherens protein
chr19_pat_hsa17,62321000,62322000,Bonobo,6.09,SHISA6,SHISA6,protein_coding,shisa family member 6
chr13_mat_hsa2b,143377000,143378000,Bonobo,6.07,LOC117979297,AQP12B,protein_coding,aquaporin-12B
chr4_mat_hsa5,517000,518000,Bonobo,6.07,PDCD6,PDCD6,protein_coding,programmed cell death 6
chr4_mat_hsa5,517000,518000,Bonobo,6.07,LOC134730344,BCL9L,protein_coding,B-cell CLL/lymphoma 9-like protein
chr20_pat_hsa19,60048000,60049000,Bonobo,6.07,VSTM1,VSTM1,protein_coding,V-set and transmembrane domain containing 1
chr7_pat_hsa8,161033000,161034000,Bonobo,6.06,ZC3H3,ZC3H3,protein_coding,zinc finger CCCH-type containing 3
chr20_pat_hsa19,11624000,11625000,Bonobo,6.04,LOC134729663,MBD3L3,protein_coding,putative methyl-CpG-binding domain protein 3-like 3
chr20_pat_hsa19,4609000,4610000,Bonobo,6.04,MIER2,MIER2,protein_coding,MIER family member 2
chr1_pat_hsa1,82910000,82911000,Bonobo,6.04,TADA1,TADA1,protein_coding,transcriptional adaptor 1
chr19_pat_hsa17,99690000,99691000,Bonobo,6.03,B3GNTL1,B3GNTL1,protein_coding,UDP-GlcNAc:betaGal beta-1%2C3-N-acetylglucosaminyltransferase like 1
chr2_mat_hsa3,193573000,193574000,Bonobo,6.03,LOC100979967,SDHA,protein_coding,succinate dehydrogenase [ubiquinone] flavoprotein subunit%2C mitochondrial
chr11_mat_hsa9,1424000,1425000,Bonobo,6.02,CACNA1B,CACNA1B,protein_coding,calcium voltage-gated channel subunit alpha1 B
chr20_pat_hsa19,59308000,59309000,Bonobo,6.02,LOC100974478,FAM90A27P,protein_coding,protein FAM90A27P
chr5_pat_hsa6,44118000,44119000,Bonobo,6.02,MAS1L,MAS1L,protein_coding,MAS1 proto-oncogene like%2C G protein-coupled receptor
chr7_pat_hsa8,160766000,160767000,Bonobo,6.02,ZNF696,ZNF696,protein_coding,zinc finger protein 696
chr19_pat_hsa17,82288000,82289000,Bonobo,6.01,APOH,APOH,protein_coding,apolipoprotein H
chr10_mat_hsa12,6536000,6537000,Bonobo,6.01,ERC1,ERC1,protein_coding,ELKS/RAB6-interacting/CAST family member 1
chr3_pat_hsa4,60489000,60490000,Bonobo,6.00,LOC100973813,UGT2A1,protein_coding,UDP-glucuronosyltransferase 2A1
chr1_pat_hsa1,205622000,205623000,Bonobo,6.00,LOC129393675,FAM231C,protein_coding,FAM231A/C-like protein